lead_score,lead_reasons,name,category,address,phone,phone_e164,phone_valid,whatsapp,business_status,last_review,website,has_website,rating,reviews,search_query,search_location,scraped_date,maps_url,whatsapp_verified,whatsapp_jid
6,No website | No reviews,Servicios Aduanales,Association / Organization," C. Nicolas Bravo 2233, Sector Centro, 88000 Nuevo Laredo, Tamps.",867 750 8055,+528677508055,True,https://wa.me/528677508055,open,,,False,None,None,agencia aduanal,Nuevo Laredo Mexico,2026-06-11,https://www.google.com/maps/place/Servicios+Aduanales/data=!4m7!3m6!1s0x8661222cf946ad75:0x1327b42858d76a84!8m2!3d27.4973527!4d-99.5031006!16s%2Fg%2F12hs6h9jc!19sChIJda1G-SwiYYYRhGrXWCi0JxM,yes,5218677508055@s.whatsapp.net
6,No website | No reviews,Expo Proveedores del Transporte y Logística Monterrey,Trucking company," Av fundidores 508, Obrera, 64000 Monterrey, N.L.",81 2257 0974,+528122570974,True,https://wa.me/528122570974,open,,,False,None,None,empresa de transporte de carga,Monterrey Mexico,2026-06-11,https://www.google.com/maps/place/Expo+Proveedores+del+Transporte+y+Log%C3%ADstica+Monterrey/data=!4m7!3m6!1s0x8662956bb69bf289:0x4e531142a25da031!8m2!3d25.6791184!4d-100.289154!16s%2Fg%2F11ywghnhzd!19sChIJifKbtmuVYoYRMaBdokIRU04,yes,5218122570974@s.whatsapp.net
6,No website | No reviews,Fletes y mudanzas FLETES.EXPRES.ZMG,Moving service," Zapopan, 45185 Guadalajara, Jal.",33 2556 6507,+523325566507,True,https://wa.me/523325566507,open,,,False,None,None,fletes y mudanzas,Guadalajara Mexico,2026-06-11,https://www.google.com/maps/place/Fletes+y+mudanzas+FLETES.EXPRES.ZMG/data=!4m7!3m6!1s0x8428af1f60b11e93:0x2aab4c9e1d641c95!8m2!3d20.7271078!4d-103.3681437!16s%2Fg%2F11s7fpzxyr!19sChIJkx6xYB-vKIQRlRxkHZ5Mqyo,yes,5213325566507@s.whatsapp.net
6,No website | No reviews,Fletes y mudanzas Checkos,Moving service," Juan Alvarez #1585 Entre Iturbide y, C. Pedro Antonio Buzeta, 44600 Guadalajara, Jal.",33 1416 9964,+523314169964,True,https://wa.me/523314169964,open,,,False,None,None,fletes y mudanzas,Guadalajara Mexico,2026-06-11,https://www.google.com/maps/place/Fletes+y+mudanzas+Checkos/data=!4m7!3m6!1s0x8428af68d54ef537:0x17e4f1c225f44ec3!8m2!3d20.6848909!4d-103.3690308!16s%2Fg%2F11mw7ll25x!19sChIJN_VO1WivKIQRw070JcLx5Bc,yes,5213314169964@s.whatsapp.net
6,No website | No reviews,Fletes y Mudanzas en Guadalajara Zapopan,Transportation service," C. Noruega 938, Moderna, 44190 Guadalajara, Jal.",33 4804 9585,+523348049585,True,https://wa.me/523348049585,open,,,False,None,None,fletes y mudanzas,Guadalajara Mexico,2026-06-11,https://www.google.com/maps/place/Fletes+y+Mudanzas+en+Guadalajara+Zapopan/data=!4m7!3m6!1s0x8428b3001a309ed7:0xac4f917b03132f4d!8m2!3d20.6625808!4d-103.3532177!16s%2Fg%2F11n9xhm0g5!19sChIJ154wGgCzKIQRTS8TA3uRT6w,yes,5213348049585@s.whatsapp.net
6,No website | No reviews,Fletes y mudanzas,Transportation service," Calle capulin 400, Capulin #400, 44739 Guadalajara, Jal.",33 1475 1464,+523314751464,True,https://wa.me/523314751464,open,,,False,None,None,fletes y mudanzas,Guadalajara Mexico,2026-06-11,https://www.google.com/maps/place/Fletes+y+mudanzas/data=!4m7!3m6!1s0x8428b5b35c6bb4cb:0x5d32bef3a593cabc!8m2!3d20.7365295!4d-103.3591557!16s%2Fg%2F11g4j9t591!19sChIJy7RrXLO1KIQRvMqTpfO-Ml0,yes,5213314751464@s.whatsapp.net
6,No website | No reviews,Fletes y mudanzas avalos,Moving service," C. Montreal 740, Providencia, 44630 Guadalajara, Jal.",33 1520 2754,+523315202754,True,https://wa.me/523315202754,open,,,False,None,None,fletes y mudanzas,Guadalajara Mexico,2026-06-11,https://www.google.com/maps/place/Fletes+y+mudanzas+avalos/data=!4m7!3m6!1s0x8428afa93d18d10d:0x21f23a176547438b!8m2!3d20.687852!4d-103.3808877!16s%2Fg%2F11gtgbz4xz!19sChIJDdEYPamvKIQRi0NHZRc68iE,yes,5213315202754@s.whatsapp.net
6,No website | No reviews,FLETES ECONOMICOS,Trucking company," C. Ahuizotl 4767, Nueva España, 44980 Guadalajara, Jal.",33 1521 1848,+523315211848,True,https://wa.me/523315211848,open,,,False,None,None,fletes y mudanzas,Guadalajara Mexico,2026-06-11,https://www.google.com/maps/place/FLETES+ECONOMICOS/data=!4m7!3m6!1s0x8428abb3a23e3ef1:0x9c36b79527436103!8m2!3d20.6160299!4d-103.3919124!16s%2Fg%2F11ll3d9pgy!19sChIJ8T4-orOrKIQRA2FDJ5W3Npw,yes,5213315211848@s.whatsapp.net
6,No website | No reviews,"Fletes y mudanzas "" García """,Moving service,,33 1572 5393,+523315725393,True,https://wa.me/523315725393,open,,,False,None,None,fletes y mudanzas,Guadalajara Mexico,2026-06-11,https://www.google.com/maps/place/Fletes+y+mudanzas+%22+Garc%C3%ADa+%22/data=!4m7!3m6!1s0x8428b50508e8b2bb:0x8eee3e741caf6f16!8m2!3d20.6307942!4d-103.3420137!16s%2Fg%2F11p0_7dy5p!19sChIJu7LoCAW1KIQRFm-vHHQ-7o4,yes,5213315725393@s.whatsapp.net
6,No website | No reviews,Alvarado Despacho Contable,Accountant," C. Tomas Ramon Del Moral 4299, Villa Hermosa, 44948 Guadalajara, Jal.",33 1974 7887,+523319747887,True,https://wa.me/523319747887,open,,,False,None,None,despacho contable,Guadalajara Mexico,2026-06-11,https://www.google.com/maps/place/Alvarado+Despacho+Contable/data=!4m7!3m6!1s0x8428b3e55061575d:0x2b9014096b3b3198!8m2!3d20.624462!4d-103.3508852!16s%2Fg%2F11h033r37h!19sChIJXVdhUOWzKIQRmDE7awkUkCs,yes,5213319747887@s.whatsapp.net
6,No website | No reviews,Corporativo Contable Barrera y Asociados S.C.,Certified public accountant," C. José María Vigil 2882, Lomas de Providencia, 44647 Guadalajara, Jal.",33 1826 7579,+523318267579,True,https://wa.me/523318267579,open,,,False,None,None,despacho contable,Guadalajara Mexico,2026-06-11,https://www.google.com/maps/place/Corporativo+Contable+Barrera+y+Asociados+S.C./data=!4m7!3m6!1s0x8428af0411a29a59:0xc51655a110c88da0!8m2!3d20.6915624!4d-103.3854289!16s%2Fg%2F11j1vpczgx!19sChIJWZqiEQSvKIQRoI3IEKFVFsU,yes,5213318267579@s.whatsapp.net
6,No website | No reviews,ALGUSA,Construction company," Complejo San Pablo Avenida Real 274, San Pablo, 76150 Santiago de Querétaro, Qro.",442 467 4071,+524424674071,True,https://wa.me/524424674071,open,,,False,None,None,constructora,Queretaro Mexico,2026-06-11,https://www.google.com/maps/place/ALGUSA/data=!4m7!3m6!1s0x85d35aca242fe44b:0xedcd2c614f3795ae!8m2!3d20.6073952!4d-100.4105977!16s%2Fg%2F11h3fs3z_x!19sChIJS-QvJMpa04URrpU3T2Esze0,yes,5214424674071@s.whatsapp.net
6,No website | No reviews,LLBM ADMINISTRACIÓN DE EDIFICIOS,Janitorial service," Medellín 79, Roma Nte., Cuauhtémoc, 06700 Ciudad de México, CDMX",55 5463 5554,+525554635554,True,https://wa.me/525554635554,open,,,False,None,None,administracion de condominios,Ciudad de Mexico,2026-06-11,https://www.google.com/maps/place/LLBM+ADMINISTRACI%C3%93N+DE+EDIFICIOS/data=!4m7!3m6!1s0x85d1ff38421b0001:0x396861239213e820!8m2!3d19.418087!4d-99.1663191!16s%2Fg%2F11vj6qdjl1!19sChIJAQAbQjj_0YURIOgTkiNhaDk,yes,5215554635554@s.whatsapp.net
6,No website | No reviews,Administración de Condominios Bock,Property administration service," Gral. Pedro Antonio de Los Santos, San Miguel Chapultepec II Secc, Miguel Hidalgo, 11850 Ciudad de México, CDMX",55 2536 0218,+525525360218,True,https://wa.me/525525360218,open,,,False,None,None,administracion de condominios,Ciudad de Mexico,2026-06-11,https://www.google.com/maps/place/Administraci%C3%B3n+de+Condominios+Bock/data=!4m7!3m6!1s0x85d1fff5086a6559:0x3197cbd1206a1dd7!8m2!3d19.4141917!4d-99.1816623!16s%2Fg%2F11j8ljycpw!19sChIJWWVqCPX_0YUR1x1qINHLlzE,yes,5215525360218@s.whatsapp.net
6,No website | No reviews,Despacho Contable Gaytán y Asociados.,Accountant," Bradley 57, Anzures, Miguel Hidalgo, 11590 Ciudad de México, CDMX",55 8806 2339,+525588062339,True,https://wa.me/525588062339,open,,,False,None,None,despacho contable,Ciudad de Mexico,2026-06-11,https://www.google.com/maps/place/Despacho+Contable+Gayt%C3%A1n+y+Asociados./data=!4m7!3m6!1s0x85d1ffb6427cd975:0xa6a6580fd96a90b6!8m2!3d19.431741!4d-99.1786364!16s%2Fg%2F11qnq0cbk8!19sChIJddl8Qrb_0YURtpBq2Q9YpqY,yes,5215588062339@s.whatsapp.net
6,No website | No reviews,DESPACHO CONTABLE Y FISCAL,Corporate office," Mar Adriático 20, Popotla, Miguel Hidalgo, 11400 Ciudad de México, CDMX",55 2955 1858,+525529551858,True,https://wa.me/525529551858,open,,,False,None,None,despacho contable,Ciudad de Mexico,2026-06-11,https://www.google.com/maps/place/DESPACHO+CONTABLE+Y+FISCAL/data=!4m7!3m6!1s0x85d1f9728c1dc5b9:0x6dcc160ba9a559b0!8m2!3d19.452805!4d-99.1837119!16s%2Fg%2F11gxmv20sv!19sChIJucUdjHL50YURsFmlqQsWzG0,yes,5215529551858@s.whatsapp.net
6,No website | No reviews,Despacho Contable Grupo Ferbea,Certified public accountant," Av. P.º de la Reforma 403 - 1204, Cuauhtémoc, 06500 Ciudad de México, CDMX",55 1822 8302,+525518228302,True,https://wa.me/525518228302,open,,,False,None,None,despacho contable,Ciudad de Mexico,2026-06-11,https://www.google.com/maps/place/Despacho+Contable+Grupo+Ferbea/data=!4m7!3m6!1s0x85d1ff4bd09712ed:0xa9b7158bd1c50d1b!8m2!3d19.4260056!4d-99.1711057!16s%2Fg%2F11cs607f4v!19sChIJ7RKX0Ev_0YURGw3F0YsVt6k,yes,5215518228302@s.whatsapp.net
6,No website | No reviews,Casa Constructora,Construction company," Lago Ammer No. 129, Pensil Nte., Miguel Hidalgo, 11430 Ciudad de México, CDMX",55 3512 7926,+525535127926,True,https://wa.me/525535127926,open,,,False,None,None,constructora,Ciudad de Mexico,2026-06-11,https://www.google.com/maps/place/Casa+Constructora/data=!4m7!3m6!1s0x85d202095a73ad65:0xa373f87e08659b2!8m2!3d19.447479!4d-99.194724!16s%2Fg%2F11flrpg8bd!19sChIJZa1zWgkC0oURslmG4Ic_Nwo,yes,5215535127926@s.whatsapp.net
6,No website | No reviews,Cobague Construcciones,Construction company," Calz. Gral. Mariano Escobedo 375, Polanco, Anzures, Miguel Hidalgo, 11590 Ciudad de México, CDMX",55 7307 5697,+525573075697,True,https://wa.me/525573075697,open,,,False,None,None,constructora,Ciudad de Mexico,2026-06-11,https://www.google.com/maps/place/Cobague+Construcciones/data=!4m7!3m6!1s0x85d1f8ac15a3e213:0x10c849fb2daef331!8m2!3d19.4355253!4d-99.1830877!16s%2Fg%2F11flrpg_sn!19sChIJE-KjFaz40YURMfOuLftJyBA,yes,5215573075697@s.whatsapp.net
6,No website | No reviews,Condominio Sol del sureste,Condominium rental agency," C. 19 64, 77524 Cancún, Q.R.",998 291 3916,+529982913916,True,https://wa.me/529982913916,open,,,False,None,None,administracion de condominios,Cancun Mexico,2026-06-11,https://www.google.com/maps/place/Condominio+Sol+del+sureste/data=!4m7!3m6!1s0x8f4c2d69d36d40f5:0x9ca04e23a7e802b4!8m2!3d21.1748198!4d-86.8222101!16s%2Fg%2F11h5drz1tv!19sChIJ9UBt02ktTI8RtALopyNOoJw,yes,5219982913916@s.whatsapp.net
6,No website | No reviews,Liverté Cancún,Property management company," Av. José López Portillo Supermanzana 110 01 Manzana L 03, 77539 Cancún, Q.R.",984 134 2290,+529841342290,True,https://wa.me/529841342290,open,,,False,None,None,administracion de condominios,Cancun Mexico,2026-06-11,https://www.google.com/maps/place/Livert%C3%A9+Canc%C3%BAn/data=!4m7!3m6!1s0x8f4c2b6b9bce8067:0x7032a11b8d67df3c!8m2!3d21.1242848!4d-86.9284197!16s%2Fg%2F11btxct7lt!19sChIJZ4DOm2srTI8RPN9njRuhMnA,yes,5219841342290@s.whatsapp.net
6,No website | No reviews,Inmobiliaria Vivir Mérida,Real estate agency," C. 28 310A, Emiliano Zapata Nte, 97219 Mérida, Yuc.",999 908 6555,+529999086555,True,https://wa.me/529999086555,open,,,False,None,None,inmobiliaria,Merida Mexico,2026-06-11,https://www.google.com/maps/place/Inmobiliaria+Vivir+M%C3%A9rida/data=!4m7!3m6!1s0x8f5676b933427d4f:0xd851d9abd6abff0!8m2!3d21.0157088!4d-89.6095099!16s%2Fg%2F11df2vx_2j!19sChIJT31CM7l2Vo8R8L9qvZodhQ0,yes,5219999086555@s.whatsapp.net
6,No website | No reviews,SEGUROS & FIANZAS,Insurance agency," Monterrey 78, Roma Nte., Cuauhtémoc, 06700 Ciudad de México, CDMX",55 5506 2245,+525555062245,True,https://wa.me/525555062245,open,,,False,None,None,agencia de seguros,Monterrey Mexico,2026-06-11,https://www.google.com/maps/place/SEGUROS+%26+FIANZAS/data=!4m7!3m6!1s0x85d1ff39d174b36b:0x8442bb52d34b1a8c!8m2!3d19.4195187!4d-99.164557!16s%2Fg%2F11jcmlbf0n!19sChIJa7N00Tn_0YURjBpL01K7QoQ,yes,5215555062245@s.whatsapp.net
6,No website | No reviews,Asesor Patrimonial de Seguros Monterrey,Life insurance agency," Av. P.º de la Reforma 342, Juárez, Cuauhtémoc, 06600 Ciudad de México, CDMX",55 6287 4899,+525562874899,True,https://wa.me/525562874899,open,,,False,None,None,agencia de seguros,Monterrey Mexico,2026-06-11,https://www.google.com/maps/place/Asesor+Patrimonial+de+Seguros+Monterrey/data=!4m7!3m6!1s0x85d1ff7cd01e78af:0xd7cfa60764a0b72d!8m2!3d19.4257786!4d-99.1674533!16s%2Fg%2F11x04cfbyh!19sChIJr3ge0Hz_0YURLbegZAemz9c,yes,5215562874899@s.whatsapp.net
6,No website | No reviews,Yetcargo,Trucking company," Av Chapultepec 540, Roma Nte., Cuauhtémoc, 06700 Ciudad de México, CDMX",55 4606 2278,+525546062278,True,https://wa.me/525546062278,open,,,False,None,None,empresa de transporte de carga,Ciudad de Mexico,2026-06-11,https://www.google.com/maps/place/Yetcargo/data=!4m7!3m6!1s0x85d1ff250da86c09:0x9babf0ed63549902!8m2!3d19.4207015!4d-99.1748971!16s%2Fg%2F11c2qr_txx!19sChIJCWyoDSX_0YURAplUY-3wq5s,yes,5215546062278@s.whatsapp.net
6,No website | No reviews,Transporte Refrigerado FROST,Trucking company," Av. Nuevo León 180, Hipódromo, Cuauhtémoc, 06100 Ciudad de México, CDMX",56 2008 0889,+525620080889,True,https://wa.me/525620080889,open,,,False,None,None,empresa de transporte de carga,Ciudad de Mexico,2026-06-11,https://www.google.com/maps/place/Transporte+Refrigerado+FROST/data=!4m7!3m6!1s0x85d1ff59350b47c1:0x5709bc0cd05f5eb5!8m2!3d19.4070195!4d-99.1717766!16s%2Fg%2F11l5kgb41w!19sChIJwUcLNVn_0YURtV5f0Ay8CVc,yes,5215620080889@s.whatsapp.net
6,No website | No reviews,Transporte de Carga en México,Wholesaler," Chopo 589, Arenal, Azcapotzalco, 02980 Atzcapotzalco, CDMX",56 1088 1025,+525610881025,True,https://wa.me/525610881025,open,,,False,None,None,empresa de transporte de carga,Ciudad de Mexico,2026-06-11,https://www.google.com/maps/place/Transporte+de+Carga+en+M%C3%A9xico/data=!4m7!3m6!1s0x85d1f8e4a40e67a7:0xb021c133e8dc1649!8m2!3d19.4667917!4d-99.1515736!16s%2Fg%2F11f4pvjfcy!19sChIJp2cOpOT40YURSRbc6DPBIbA,yes,5215610881025@s.whatsapp.net
6,No website | 62 reviews,ABOGADO & ASOCIADOS DESPACHO JURIDICO PODER LEGAL,Criminal justice attorney," Av. 8 de Julio 69, Zona Centro, 44100 Guadalajara, Jal.",33 1637 2931,+523316372931,True,https://wa.me/523316372931,open,5 months ago,,False,None,62,despacho juridico,Guadalajara Mexico,2026-06-11,https://www.google.com/maps/place/ABOGADO+%26+ASOCIADOS+DESPACHO+JURIDICO+PODER+LEGAL/data=!4m7!3m6!1s0x8428b125d96283a3:0x22b1b8684c78f56!8m2!3d20.6754317!4d-103.3523021!16s%2Fg%2F11w7nlnfft!19sChIJo4Ni2SWxKIQRVo_HhIYbKwI,yes,5213316372931@s.whatsapp.net
6,No website | No reviews,Despacho Jurídico Ornelas y Asociados,Lawyer," José Maria Vigil, Italia 2370, Providencia, 44648 Guadalajara, Jal.",33 2254 6929,+523322546929,True,https://wa.me/523322546929,open,,,False,None,None,despacho juridico,Guadalajara Mexico,2026-06-11,https://www.google.com/maps/place/Despacho+Jur%C3%ADdico+Ornelas+y+Asociados/data=!4m7!3m6!1s0x8428af7238e9b02f:0xd052ab4fe1454255!8m2!3d20.6899962!4d-103.3765431!16s%2Fg%2F11q8y2vpdh!19sChIJL7DpOHKvKIQRVUJF4U-rUtA,yes,5213322546929@s.whatsapp.net
6,No website | No reviews,Bufete Jurídico Ovalles & Asociados,Lawyer," C. Andorra 2466, Santa Elena Estadio, 44230 Guadalajara, Jal.",33 3107 8154,+523331078154,True,https://wa.me/523331078154,open,,,False,None,None,despacho juridico,Guadalajara Mexico,2026-06-11,https://www.google.com/maps/place/Bufete+Jur%C3%ADdico+Ovalles+%26+Asociados/data=!4m7!3m6!1s0x8428b1b1d33065d5:0x86f20904643c62ba!8m2!3d20.7103474!4d-103.3362786!16s%2Fg%2F11zb75_lzr!19sChIJ1WUw07GxKIQRumI8ZAQJ8oY,yes,5213331078154@s.whatsapp.net
6,No website | No reviews,Jurídico Ruiz,General practice attorney," C. Manuel Gutiérrez Nájera 1218, Miraflores, 44270 Guadalajara, Jal.",33 1447 4428,+523314474428,True,https://wa.me/523314474428,open,,,False,None,None,despacho juridico,Guadalajara Mexico,2026-06-11,https://www.google.com/maps/place/Jur%C3%ADdico+Ruiz/data=!4m7!3m6!1s0x8428b11507fb1217:0x66718055d8d581f2!8m2!3d20.6954366!4d-103.3443183!16s%2Fg%2F11q1p0x1lb!19sChIJFxL7BxWxKIQR8oHV2FWAcWY,yes,5213314474428@s.whatsapp.net
6,No website | No reviews,Despacho Velasco y Asociados,Lawyer," Interior 1303, Av. 16 de Septiembre 730-piso 13, Mexicaltzingo, 44180 Guadalajara, Jal.",33 1520 6141,+523315206141,True,https://wa.me/523315206141,open,,,False,None,None,despacho juridico,Guadalajara Mexico,2026-06-11,https://www.google.com/maps/place/Despacho+Velasco+y+Asociados/data=!4m7!3m6!1s0x8428b300018b9715:0xa571165e5c1e5b35!8m2!3d20.6647619!4d-103.3492305!16s%2Fg%2F11ysw_yl37!19sChIJFZeLAQCzKIQRNVseXF4WcaU,yes,5213315206141@s.whatsapp.net
6,No website | No reviews,Corporativo Jurídico Magallón y Asociados,General practice attorney," C. Chihuahua 1092, La Guadalupana, 44260 Guadalajara, Jal.",33 3114 4864,+523331144864,True,https://wa.me/523331144864,open,,,False,None,None,despacho juridico,Guadalajara Mexico,2026-06-11,https://www.google.com/maps/place/Corporativo+Jur%C3%ADdico+Magall%C3%B3n+y+Asociados/data=!4m7!3m6!1s0x8428b1f2b91438db:0x92a8a8056a8886a5!8m2!3d20.7024579!4d-103.3499839!16s%2Fg%2F11fggcwsyy!19sChIJ2zgUufKxKIQRpYaIagWoqJI,yes,5213331144864@s.whatsapp.net
