lead_score,lead_reasons,name,category,address,phone,phone_e164,phone_valid,whatsapp,business_status,last_review,website,has_website,rating,reviews,search_query,search_location,scraped_date,maps_url
6,No website | No reviews,Carlos Enrique Cantú Rosas,Import export company," C. Héroe de Nacataz 2404, Fraccionamiento Ojo Caliente, 88000 Nuevo Laredo, Tamps.",867 712 4466,+528677124466,True,https://wa.me/528677124466,open,,,False,None,None,agencia aduanal,Nuevo Laredo Mexico,2026-06-11,https://www.google.com/maps/place/Carlos+Enrique+Cant%C3%BA+Rosas/data=!4m7!3m6!1s0x8661223415465e73:0x81ee4a3f5ea1b15c!8m2!3d27.4868259!4d-99.5049438!16s%2Fg%2F1tycx20m!19sChIJc15GFTQiYYYRXLGhXj9K7oE
6,No website | No reviews,De la Miyar Garza Agencia Aduanal S.C,Freight forwarding service," Gutierrez 3411, Sector Centro, 88000 Nuevo Laredo, Tamps.",867 712 5779,+528677125779,True,https://wa.me/528677125779,open,,,False,None,None,agencia aduanal,Nuevo Laredo Mexico,2026-06-11,https://www.google.com/maps/place/De+la+Miyar+Garza+Agencia+Aduanal+S.C/data=!4m7!3m6!1s0x866123cc64ba0de1:0xc471c3ceb201b9ba!8m2!3d27.4901227!4d-99.5113481!16s%2Fg%2F1th63t7d!19sChIJ4Q26ZMwjYYYRurkBss7DccQ
6,No website | No reviews,Servicios Aduanales,Association / Organization," C. Nicolas Bravo 2233, Sector Centro, 88000 Nuevo Laredo, Tamps.",867 750 8055,+528677508055,True,https://wa.me/528677508055,open,,,False,None,None,agencia aduanal,Nuevo Laredo Mexico,2026-06-11,https://www.google.com/maps/place/Servicios+Aduanales/data=!4m7!3m6!1s0x8661222cf946ad75:0x1327b42858d76a84!8m2!3d27.4973527!4d-99.5031006!16s%2Fg%2F12hs6h9jc!19sChIJda1G-SwiYYYRhGrXWCi0JxM
6,No website | No reviews,GRUPO ESPARZA TRAMITADOR ADUANAL,Customs broker," MANUEL J CLOUHTIER 10052, 32692 Juárez, Chih.",656 682 1517,+526566821517,True,https://wa.me/526566821517,open,,,False,None,None,agencia aduanal,Ciudad Juarez Mexico,2026-06-11,https://www.google.com/maps/place/GRUPO+ESPARZA+TRAMITADOR+ADUANAL/data=!4m7!3m6!1s0x86e743336bede739:0xf9ee84d3bd34c5cb!8m2!3d31.6547291!4d-106.3429095!16s%2Fg%2F11nmcp3q5j!19sChIJOeftazND54YRy8U0vdOE7vk
6,No website | No reviews,Transportes Monterrey Sa De Cv,Transportation service," 16 de Septiembre 176, San Martin Xochinahuac, Azcapotzalco, 02150 Ciudad de México, CDMX",55 2626 5400,+525526265400,True,https://wa.me/525526265400,open,,,False,None,None,empresa de transporte de carga,Monterrey Mexico,2026-06-11,https://www.google.com/maps/place/Transportes+Monterrey+Sa+De+Cv/data=!4m7!3m6!1s0x85d21ce7601f431d:0x15828cd94cdb69be!8m2!3d19.4955387!4d-99.1923172!16s%2Fg%2F1tjv3w5p!19sChIJHUMfYOcc0oURvmnbTNmMghU
6,No website | No reviews,Transportes Pitic Monterrey,Trucking company," I. Comonfort 707, Bella Vista, 64410 Monterrey, N.L.",81 1292 0030,+528112920030,True,https://wa.me/528112920030,open,,,False,None,None,empresa de transporte de carga,Monterrey Mexico,2026-06-11,https://www.google.com/maps/place/Transportes+Pitic+Monterrey/data=!4m7!3m6!1s0x866295c6d66020b5:0x9a3005ebfa6d6e9d!8m2!3d25.7032669!4d-100.3192294!16s%2Fg%2F11c2kyyyf7!19sChIJtSBg1saVYoYRnW5t-usFMJo
6,No website | No reviews,Transportadores Unidos Carga,Freight forwarding service," Pascual Ortiz Rubio 1600, Niño Artillero, 64280 Monterrey, N.L.",81 8351 5828,+528183515828,True,https://wa.me/528183515828,open,,,False,None,None,empresa de transporte de carga,Monterrey Mexico,2026-06-11,https://www.google.com/maps/place/Transportadores+Unidos+Carga/data=!4m7!3m6!1s0x866295cad06b931d:0x48b33af2f8780091!8m2!3d25.719919!4d-100.3297203!16s%2Fg%2F1tmxfzzt!19sChIJHZNr0MqVYoYRkQB4-PI6s0g
6,No website | No reviews,Expo Proveedores del Transporte y Logística Monterrey,Trucking company," Av fundidores 508, Obrera, 64000 Monterrey, N.L.",81 2257 0974,+528122570974,True,https://wa.me/528122570974,open,,,False,None,None,empresa de transporte de carga,Monterrey Mexico,2026-06-11,https://www.google.com/maps/place/Expo+Proveedores+del+Transporte+y+Log%C3%ADstica+Monterrey/data=!4m7!3m6!1s0x8662956bb69bf289:0x4e531142a25da031!8m2!3d25.6791184!4d-100.289154!16s%2Fg%2F11ywghnhzd!19sChIJifKbtmuVYoYRMaBdokIRU04
6,No website | No reviews,Transportes Monterrey S.A. de C.V.,Transportation service," Antiguo Camino a S. José de Los Sauces 100, Sin Nombre de Col 13, 66050 Cdad. Gral. Escobedo, N.L.",81 8154 9500,+528181549500,True,https://wa.me/528181549500,open,,,False,None,None,empresa de transporte de carga,Monterrey Mexico,2026-06-11,https://www.google.com/maps/place/Transportes+Monterrey+S.A.+de+C.V./data=!4m7!3m6!1s0x8662931bea81438f:0x52127fc01d28afe3!8m2!3d25.8092773!4d-100.292302!16s%2Fg%2F1tfkr5v5!19sChIJj0OB6huTYoYR468oHcB_ElI
6,No website | No reviews,Central de Fletes Monterrey S.A. de C.V.,Moving service," Av Acueducto de Tenayuca 83, San José de la Escalera, Gustavo A. Madero, 07630 Ciudad de México, CDMX",55 5039 9004,+525550399004,True,https://wa.me/525550399004,open,,,False,None,None,empresa de transporte de carga,Monterrey Mexico,2026-06-11,https://www.google.com/maps/place/Central+de+Fletes+Monterrey+S.A.+de+C.V./data=!4m7!3m6!1s0x85d1f82096b5e375:0x1de8fe8b20ea2dc7!8m2!3d19.5275254!4d-99.1634729!16s%2Fg%2F1tc_4flb!19sChIJdeO1liD40YURxy3qIIv-6B0
6,No website | No reviews,Fletes y mudanzas FLETES.EXPRES.ZMG,Moving service," Zapopan, 45185 Guadalajara, Jal.",33 2556 6507,+523325566507,True,https://wa.me/523325566507,open,,,False,None,None,fletes y mudanzas,Guadalajara Mexico,2026-06-11,https://www.google.com/maps/place/Fletes+y+mudanzas+FLETES.EXPRES.ZMG/data=!4m7!3m6!1s0x8428af1f60b11e93:0x2aab4c9e1d641c95!8m2!3d20.7271078!4d-103.3681437!16s%2Fg%2F11s7fpzxyr!19sChIJkx6xYB-vKIQRlRxkHZ5Mqyo
6,No website | No reviews,Fletes y mudanzas Checkos,Moving service," Juan Alvarez #1585 Entre Iturbide y, C. Pedro Antonio Buzeta, 44600 Guadalajara, Jal.",33 1416 9964,+523314169964,True,https://wa.me/523314169964,open,,,False,None,None,fletes y mudanzas,Guadalajara Mexico,2026-06-11,https://www.google.com/maps/place/Fletes+y+mudanzas+Checkos/data=!4m7!3m6!1s0x8428af68d54ef537:0x17e4f1c225f44ec3!8m2!3d20.6848909!4d-103.3690308!16s%2Fg%2F11mw7ll25x!19sChIJN_VO1WivKIQRw070JcLx5Bc
6,No website | No reviews,Fletes y Mudanzas en Guadalajara Zapopan,Transportation service," C. Noruega 938, Moderna, 44190 Guadalajara, Jal.",33 4804 9585,+523348049585,True,https://wa.me/523348049585,open,,,False,None,None,fletes y mudanzas,Guadalajara Mexico,2026-06-11,https://www.google.com/maps/place/Fletes+y+Mudanzas+en+Guadalajara+Zapopan/data=!4m7!3m6!1s0x8428b3001a309ed7:0xac4f917b03132f4d!8m2!3d20.6625808!4d-103.3532177!16s%2Fg%2F11n9xhm0g5!19sChIJ154wGgCzKIQRTS8TA3uRT6w
6,No website | No reviews,Fletes y mudanzas,Transportation service," Calle capulin 400, Capulin #400, 44739 Guadalajara, Jal.",33 1475 1464,+523314751464,True,https://wa.me/523314751464,open,,,False,None,None,fletes y mudanzas,Guadalajara Mexico,2026-06-11,https://www.google.com/maps/place/Fletes+y+mudanzas/data=!4m7!3m6!1s0x8428b5b35c6bb4cb:0x5d32bef3a593cabc!8m2!3d20.7365295!4d-103.3591557!16s%2Fg%2F11g4j9t591!19sChIJy7RrXLO1KIQRvMqTpfO-Ml0
6,No website | No reviews,Fletes y mudanzas avalos,Moving service," C. Montreal 740, Providencia, 44630 Guadalajara, Jal.",33 1520 2754,+523315202754,True,https://wa.me/523315202754,open,,,False,None,None,fletes y mudanzas,Guadalajara Mexico,2026-06-11,https://www.google.com/maps/place/Fletes+y+mudanzas+avalos/data=!4m7!3m6!1s0x8428afa93d18d10d:0x21f23a176547438b!8m2!3d20.687852!4d-103.3808877!16s%2Fg%2F11gtgbz4xz!19sChIJDdEYPamvKIQRi0NHZRc68iE
6,No website | No reviews,FLETES ECONOMICOS,Trucking company," C. Ahuizotl 4767, Nueva España, 44980 Guadalajara, Jal.",33 1521 1848,+523315211848,True,https://wa.me/523315211848,open,,,False,None,None,fletes y mudanzas,Guadalajara Mexico,2026-06-11,https://www.google.com/maps/place/FLETES+ECONOMICOS/data=!4m7!3m6!1s0x8428abb3a23e3ef1:0x9c36b79527436103!8m2!3d20.6160299!4d-103.3919124!16s%2Fg%2F11ll3d9pgy!19sChIJ8T4-orOrKIQRA2FDJ5W3Npw
6,No website | No reviews,"Fletes y mudanzas "" García """,Moving service,,33 1572 5393,+523315725393,True,https://wa.me/523315725393,open,,,False,None,None,fletes y mudanzas,Guadalajara Mexico,2026-06-11,https://www.google.com/maps/place/Fletes+y+mudanzas+%22+Garc%C3%ADa+%22/data=!4m7!3m6!1s0x8428b50508e8b2bb:0x8eee3e741caf6f16!8m2!3d20.6307942!4d-103.3420137!16s%2Fg%2F11p0_7dy5p!19sChIJu7LoCAW1KIQRFm-vHHQ-7o4
6,No website | No reviews,Despacho contable Mora Lira,Accountant," C. José María Morelos 1864-int 12, Ladrón de Guevara, Lafayette, 44600 Guadalajara, Jal.",33 3639 0395,+523336390395,True,https://wa.me/523336390395,open,,,False,None,None,despacho contable,Guadalajara Mexico,2026-06-11,https://www.google.com/maps/place/Despacho+contable+Mora+Lira/data=!4m7!3m6!1s0x8428b24fd3674cef:0x194ec2c5f91ed9c2!8m2!3d20.6760599!4d-103.3729949!16s%2Fg%2F1yg4v7fp7!19sChIJ70xn00-yKIQRwtke-cXCThk
6,No website | No reviews,Alvarado Despacho Contable,Accountant," C. Tomas Ramon Del Moral 4299, Villa Hermosa, 44948 Guadalajara, Jal.",33 1974 7887,+523319747887,True,https://wa.me/523319747887,open,,,False,None,None,despacho contable,Guadalajara Mexico,2026-06-11,https://www.google.com/maps/place/Alvarado+Despacho+Contable/data=!4m7!3m6!1s0x8428b3e55061575d:0x2b9014096b3b3198!8m2!3d20.624462!4d-103.3508852!16s%2Fg%2F11h033r37h!19sChIJXVdhUOWzKIQRmDE7awkUkCs
6,No website | No reviews,Corporativo Contable Barrera y Asociados S.C.,Certified public accountant," C. José María Vigil 2882, Lomas de Providencia, 44647 Guadalajara, Jal.",33 1826 7579,+523318267579,True,https://wa.me/523318267579,open,,,False,None,None,despacho contable,Guadalajara Mexico,2026-06-11,https://www.google.com/maps/place/Corporativo+Contable+Barrera+y+Asociados+S.C./data=!4m7!3m6!1s0x8428af0411a29a59:0xc51655a110c88da0!8m2!3d20.6915624!4d-103.3854289!16s%2Fg%2F11j1vpczgx!19sChIJWZqiEQSvKIQRoI3IEKFVFsU
6,No website | No reviews,Despacho Contable López Godina y Asociados,Certified public accountant," Av. 16 de Septiembre 730-114, Mexicaltzingo, 44180 Guadalajara, Jal.",33 3614 1457,+523336141457,True,https://wa.me/523336141457,open,,,False,None,None,despacho contable,Guadalajara Mexico,2026-06-11,https://www.google.com/maps/place/Despacho+Contable+L%C3%B3pez+Godina+y+Asociados/data=!4m7!3m6!1s0x8428ae1f2d8eb567:0x5339b5dd398564fe!8m2!3d20.6646144!4d-103.3497263!16s%2Fg%2F1yg4d0r39!19sChIJZ7WOLR-uKIQR_mSFOd21OVM
6,No website | No reviews,Accounting and Tax Office,Accountant," C. Fresno 2210, Del Fresno, 44909 Guadalajara, Jal.",33 3810 4175,+523338104175,True,https://wa.me/523338104175,open,,,False,None,None,despacho contable,Guadalajara Mexico,2026-06-11,https://www.google.com/maps/place/Accounting+and+Tax+Office/data=!4m7!3m6!1s0x8428ade3ea0a68f1:0xd6f46e45318bc7d9!8m2!3d20.6591761!4d-103.3749008!16s%2Fg%2F1ptyq6p5x!19sChIJ8WgK6uOtKIQR2ceLMUVu9NY
6,No website | No reviews,TAXAS Despacho contable y fiscal en Monterrey,Bookkeeping service," Planificadores, TORRE CIBELES 2802-PISO 7 INT 56, Empleados Sfeo, 64909 San Pedro Garza García, N.L.",81 2235 1361,+528122351361,True,https://wa.me/528122351361,open,,,False,None,None,despacho contable,Monterrey Mexico,2026-06-11,https://www.google.com/maps/place/TAXAS+Despacho+contable+y+fiscal+en+Monterrey/data=!4m7!3m6!1s0x8662bf162a95263f:0x2384dd2200d69c8b!8m2!3d25.6298723!4d-100.300233!16s%2Fg%2F11p4t4d19c!19sChIJPyaVKha_YoYRi5zWACLdhCM
6,No website | No reviews,DESPACHO EOL,Accountant," Monterrey, Centro Urbano Pdte. Juárez, Roma Nte., Cuauhtémoc, 06700 Ciudad de México, CDMX",55 5598 1388,+525555981388,True,https://wa.me/525555981388,open,,,False,None,None,despacho contable,Monterrey Mexico,2026-06-11,https://www.google.com/maps/place/DESPACHO+EOL/data=!4m7!3m6!1s0x85d1ff7fb733f0ed:0x569b2cec25901dc9!8m2!3d19.4164371!4d-99.16367!16s%2Fg%2F11k61gh13_!19sChIJ7fAzt3__0YURyR2QJewsm1Y
6,No website | No reviews,"Constructora Llodi, S. A. De C. V.",Construction company," Av. 5 de Febrero 2125, Jurica, 76100 Santiago de Querétaro, Qro.",442 218 2138,+524422182138,True,https://wa.me/524422182138,open,,,False,None,None,constructora,Queretaro Mexico,2026-06-11,"https://www.google.com/maps/place/Constructora+Llodi,+S.+A.+De+C.+V./data=!4m7!3m6!1s0x85d35a7a79903c21:0x1c390d53cd5a710d!8m2!3d20.6452149!4d-100.4318044!16s%2Fg%2F11c6lwk290!19sChIJITyQeXpa04URDXFazVMNORw"
6,No website | No reviews,ALGUSA,Construction company," Complejo San Pablo Avenida Real 274, San Pablo, 76150 Santiago de Querétaro, Qro.",442 467 4071,+524424674071,True,https://wa.me/524424674071,open,,,False,None,None,constructora,Queretaro Mexico,2026-06-11,https://www.google.com/maps/place/ALGUSA/data=!4m7!3m6!1s0x85d35aca242fe44b:0xedcd2c614f3795ae!8m2!3d20.6073952!4d-100.4105977!16s%2Fg%2F11h3fs3z_x!19sChIJS-QvJMpa04URrpU3T2Esze0
6,No website | No reviews,LLBM ADMINISTRACIÓN DE EDIFICIOS,Janitorial service," Medellín 79, Roma Nte., Cuauhtémoc, 06700 Ciudad de México, CDMX",55 5463 5554,+525554635554,True,https://wa.me/525554635554,open,,,False,None,None,administracion de condominios,Ciudad de Mexico,2026-06-11,https://www.google.com/maps/place/LLBM+ADMINISTRACI%C3%93N+DE+EDIFICIOS/data=!4m7!3m6!1s0x85d1ff38421b0001:0x396861239213e820!8m2!3d19.418087!4d-99.1663191!16s%2Fg%2F11vj6qdjl1!19sChIJAQAbQjj_0YURIOgTkiNhaDk
6,No website | No reviews,Administración de Condominios Bock,Property administration service," Gral. Pedro Antonio de Los Santos, San Miguel Chapultepec II Secc, Miguel Hidalgo, 11850 Ciudad de México, CDMX",55 2536 0218,+525525360218,True,https://wa.me/525525360218,open,,,False,None,None,administracion de condominios,Ciudad de Mexico,2026-06-11,https://www.google.com/maps/place/Administraci%C3%B3n+de+Condominios+Bock/data=!4m7!3m6!1s0x85d1fff5086a6559:0x3197cbd1206a1dd7!8m2!3d19.4141917!4d-99.1816623!16s%2Fg%2F11j8ljycpw!19sChIJWWVqCPX_0YUR1x1qINHLlzE
6,No website | No reviews,ABC ADMINISTRACION DE CONDOMINIOS,Business management consultant," WTC, Montecito 38, Nápoles, Benito Juárez, 03810 Ciudad de México, CDMX",55 7160 2925,+525571602925,True,https://wa.me/525571602925,open,,,False,None,None,administracion de condominios,Ciudad de Mexico,2026-06-11,https://www.google.com/maps/place/ABC+ADMINISTRACION+DE+CONDOMINIOS/data=!4m7!3m6!1s0x85d1ff71f4b4bf6d:0x631614d0449c64b2!8m2!3d19.3941439!4d-99.1740012!16s%2Fg%2F11_qnb4kh!19sChIJbb-09HH_0YURsmScRNAUFmM
6,No website | No reviews,Truvius: comparador de seguros de salud y vida,Health insurance agency," Puebla 387, Roma Nte., Cuauhtémoc, 06700 Ciudad de México, CDMX",55 4170 8726,+525541708726,True,https://wa.me/525541708726,open,,,False,None,None,agencia de seguros,Puebla Mexico,2026-06-11,https://www.google.com/maps/place/Truvius:+comparador+de+seguros+de+salud+y+vida/data=!4m7!3m6!1s0x85d1ff3941cfbc1d:0xbde060638eb940fe!8m2!3d19.420192!4d-99.174518!16s%2Fg%2F11g7y8w1zf!19sChIJHbzPQTn_0YUR_kC5jmNg4L0
6,No website | No reviews,Despacho Jurídico Contables Flores Bilchis y Asociados,Lawyer," Ballena 39, Verónica Anzúres, Miguel Hidalgo, 11300 Ciudad de México, CDMX",55 5260 3677,+525552603677,True,https://wa.me/525552603677,open,,,False,None,None,despacho contable,Ciudad de Mexico,2026-06-11,https://www.google.com/maps/place/Despacho+Jur%C3%ADdico+Contables+Flores+Bilchis+y+Asociados/data=!4m7!3m6!1s0x85d1f8b188ade9b3:0xbf85045b36233e03!8m2!3d19.4374159!4d-99.176971!16s%2Fg%2F1vtzhk8p!19sChIJs-mtiLH40YURAz4jNlsEhb8
6,No website | No reviews,"Despacho Contable Fiscal HERFLO CONTADORES,S.C",Certified public accountant," Av. Pdte. Masaryk 111, Polanco, Polanco V Secc, Miguel Hidalgo, 11560 Ciudad de México, CDMX",55 5583 1106,+525555831106,True,https://wa.me/525555831106,open,,,False,None,None,despacho contable,Ciudad de Mexico,2026-06-11,"https://www.google.com/maps/place/Despacho+Contable+Fiscal+HERFLO+CONTADORES,S.C/data=!4m7!3m6!1s0x85d1f9d558b1b04b:0xbe43fd9c95920353!8m2!3d19.4319472!4d-99.1860116!16s%2Fg%2F11gmwb_wk7!19sChIJS7CxWNX50YURUwOSlZz9Q74"
6,No website | No reviews,Despacho Contable Gaytán y Asociados.,Accountant," Bradley 57, Anzures, Miguel Hidalgo, 11590 Ciudad de México, CDMX",55 8806 2339,+525588062339,True,https://wa.me/525588062339,open,,,False,None,None,despacho contable,Ciudad de Mexico,2026-06-11,https://www.google.com/maps/place/Despacho+Contable+Gayt%C3%A1n+y+Asociados./data=!4m7!3m6!1s0x85d1ffb6427cd975:0xa6a6580fd96a90b6!8m2!3d19.431741!4d-99.1786364!16s%2Fg%2F11qnq0cbk8!19sChIJddl8Qrb_0YURtpBq2Q9YpqY
6,No website | No reviews,DESPACHO CONTABLE Y FISCAL,Corporate office," Mar Adriático 20, Popotla, Miguel Hidalgo, 11400 Ciudad de México, CDMX",55 2955 1858,+525529551858,True,https://wa.me/525529551858,open,,,False,None,None,despacho contable,Ciudad de Mexico,2026-06-11,https://www.google.com/maps/place/DESPACHO+CONTABLE+Y+FISCAL/data=!4m7!3m6!1s0x85d1f9728c1dc5b9:0x6dcc160ba9a559b0!8m2!3d19.452805!4d-99.1837119!16s%2Fg%2F11gxmv20sv!19sChIJucUdjHL50YURsFmlqQsWzG0
6,No website | No reviews,Despacho Contable Grupo Ferbea,Certified public accountant," Av. P.º de la Reforma 403 - 1204, Cuauhtémoc, 06500 Ciudad de México, CDMX",55 1822 8302,+525518228302,True,https://wa.me/525518228302,open,,,False,None,None,despacho contable,Ciudad de Mexico,2026-06-11,https://www.google.com/maps/place/Despacho+Contable+Grupo+Ferbea/data=!4m7!3m6!1s0x85d1ff4bd09712ed:0xa9b7158bd1c50d1b!8m2!3d19.4260056!4d-99.1711057!16s%2Fg%2F11cs607f4v!19sChIJ7RKX0Ev_0YURGw3F0YsVt6k
6,No website | No reviews,Despacho Contable Benítez de la Rosa.,Bookkeeping service," C. Nogal 94-oficina 106, Sta María la Ribera, Cuauhtémoc, 06400 Ciudad de México, CDMX",55 6272 9447,+525562729447,True,https://wa.me/525562729447,open,,,False,None,None,despacho contable,Ciudad de Mexico,2026-06-11,https://www.google.com/maps/place/Despacho+Contable+Ben%C3%ADtez+de+la+Rosa./data=!4m7!3m6!1s0x85d1f9e4593e0b97:0x56c69c90e4486cdd!8m2!3d19.4470366!4d-99.1642645!16s%2Fg%2F11gl0v2vf1!19sChIJlws-WeT50YUR3WxI5JCcxlY
6,No website | No reviews,Abitat Constructora,Construction company," Lago Alberto 369, Anáhuac I Secc, Miguel Hidalgo, 11320 Ciudad de México, CDMX",55 9688 8034,+525596888034,True,https://wa.me/525596888034,open,,,False,None,None,constructora,Ciudad de Mexico,2026-06-11,https://www.google.com/maps/place/Abitat+Constructora/data=!4m7!3m6!1s0x85d1f8ae4341d4c5:0x9a3acc39a99a80c!8m2!3d19.4386937!4d-99.1808105!16s%2Fg%2F11c25r7gkg!19sChIJxdRBQ6740YURDKiZmsOsowk
6,No website | No reviews,Casa Constructora,Construction company," Lago Ammer No. 129, Pensil Nte., Miguel Hidalgo, 11430 Ciudad de México, CDMX",55 3512 7926,+525535127926,True,https://wa.me/525535127926,open,,,False,None,None,constructora,Ciudad de Mexico,2026-06-11,https://www.google.com/maps/place/Casa+Constructora/data=!4m7!3m6!1s0x85d202095a73ad65:0xa373f87e08659b2!8m2!3d19.447479!4d-99.194724!16s%2Fg%2F11flrpg8bd!19sChIJZa1zWgkC0oURslmG4Ic_Nwo
6,No website | No reviews,Cobague Construcciones,Construction company," Calz. Gral. Mariano Escobedo 375, Polanco, Anzures, Miguel Hidalgo, 11590 Ciudad de México, CDMX",55 7307 5697,+525573075697,True,https://wa.me/525573075697,open,,,False,None,None,constructora,Ciudad de Mexico,2026-06-11,https://www.google.com/maps/place/Cobague+Construcciones/data=!4m7!3m6!1s0x85d1f8ac15a3e213:0x10c849fb2daef331!8m2!3d19.4355253!4d-99.1830877!16s%2Fg%2F11flrpg_sn!19sChIJE-KjFaz40YURMfOuLftJyBA
6,No website | No reviews,Condominio Sol del sureste,Condominium rental agency," C. 19 64, 77524 Cancún, Q.R.",998 291 3916,+529982913916,True,https://wa.me/529982913916,open,,,False,None,None,administracion de condominios,Cancun Mexico,2026-06-11,https://www.google.com/maps/place/Condominio+Sol+del+sureste/data=!4m7!3m6!1s0x8f4c2d69d36d40f5:0x9ca04e23a7e802b4!8m2!3d21.1748198!4d-86.8222101!16s%2Fg%2F11h5drz1tv!19sChIJ9UBt02ktTI8RtALopyNOoJw
6,No website | No reviews,Sky Cancun Residences,Condominium complex," Av. Bonampak 8-01, Puerto Juarez, Zona Hotelera, 77500 Cancún, Q.R.",998 688 0574,+529986880574,True,https://wa.me/529986880574,open,,,False,None,None,administracion de condominios,Cancun Mexico,2026-06-11,https://www.google.com/maps/place/Sky+Cancun+Residences/data=!4m7!3m6!1s0x8f4c2ea88a66f037:0x2f8b63ff701059e8!8m2!3d21.1718937!4d-86.8198211!16s%2Fg%2F1tp0fqqd!19sChIJN_BmiqguTI8R6FkQcP9jiy8
6,No website | No reviews,Liverté Cancún,Property management company," Av. José López Portillo Supermanzana 110 01 Manzana L 03, 77539 Cancún, Q.R.",984 134 2290,+529841342290,True,https://wa.me/529841342290,open,,,False,None,None,administracion de condominios,Cancun Mexico,2026-06-11,https://www.google.com/maps/place/Livert%C3%A9+Canc%C3%BAn/data=!4m7!3m6!1s0x8f4c2b6b9bce8067:0x7032a11b8d67df3c!8m2!3d21.1242848!4d-86.9284197!16s%2Fg%2F11btxct7lt!19sChIJZ4DOm2srTI8RPN9njRuhMnA
6,No website | No reviews,Live Aqua Cancún,," Blvd. Kukulcan 12, El Rey, Zona Hotelera, 77500 Cancún, Q.R.",800 504 5000,+528005045000,True,https://wa.me/528005045000,open,,,False,None,None,agencia de viajes,Cancun Mexico,2026-06-11,https://www.google.com/maps/place/Live+Aqua+Canc%C3%BAn/data=!4m7!3m6!1s0x8f4c2b763c98a835:0x62b9e74196e6a1ea!8m2!3d21.111113!4d-86.761281!16s%2Fg%2F1pp2t_jcd!19sChIJNaiYPHYrTI8R6qHmlkHnuWI
6,No website | No reviews,Inmobiliaria Vivir Mérida,Real estate agency," C. 28 310A, Emiliano Zapata Nte, 97219 Mérida, Yuc.",999 908 6555,+529999086555,True,https://wa.me/529999086555,open,,,False,None,None,inmobiliaria,Merida Mexico,2026-06-11,https://www.google.com/maps/place/Inmobiliaria+Vivir+M%C3%A9rida/data=!4m7!3m6!1s0x8f5676b933427d4f:0xd851d9abd6abff0!8m2!3d21.0157088!4d-89.6095099!16s%2Fg%2F11df2vx_2j!19sChIJT31CM7l2Vo8R8L9qvZodhQ0
6,No website | No reviews,BREYSA CONSTRUCTORA S.A. DE C.V.,Construction company," Av. Cvln. Jorge Álvarez del Castillo 1310, Lomas del Country, 44610 Guadalajara, Jal.",33 3853 6453,+523338536453,True,https://wa.me/523338536453,open,,,False,None,None,constructora,Guadalajara Mexico,2026-06-11,https://www.google.com/maps/place/BREYSA+CONSTRUCTORA+S.A.+DE+C.V./data=!4m7!3m6!1s0x8428ae2f9dc4c215:0xad84bfc6717406c8!8m2!3d20.7001311!4d-103.3673986!16s%2Fg%2F1pty2k2pf!19sChIJFcLEnS-uKIQRyAZ0cca_hK0
6,No website | No reviews,"Constructora San Sebastian, S.A. De C.V.",Road construction company," Diag. Golfo de Cortés 2946, Vallarta Nte., 44690 Guadalajara, Jal.",33 3616 4200,+523336164200,True,https://wa.me/523336164200,open,,,False,None,None,constructora,Guadalajara Mexico,2026-06-11,"https://www.google.com/maps/place/Constructora+San+Sebastian,+S.A.+De+C.V./data=!4m7!3m6!1s0x8428ae6e446da8bb:0x49eeb3f0d692f405!8m2!3d20.676572!4d-103.3895616!16s%2Fg%2F1tfcnnrx!19sChIJu6htRG6uKIQRBfSS1vCz7kk"
6,No website | No reviews,Proyectos Construcciónes y Desarrollo Plasa,Construction company," Río de Janeiro 2275, Providencia, 44630 Guadalajara, Jal.",33 3817 5904,+523338175904,True,https://wa.me/523338175904,open,,,False,None,None,constructora,Guadalajara Mexico,2026-06-11,https://www.google.com/maps/place/Proyectos+Construcci%C3%B3nes+y+Desarrollo+Plasa/data=!4m7!3m6!1s0x8428ae30cd3ecc0f:0x4745f97557f1bc31!8m2!3d20.7003687!4d-103.3761005!16s%2Fg%2F1tjdx6jv!19sChIJD8w-zTCuKIQRMbzxV3X5RUc
6,No website | No reviews,Constructora Tlajomulco,Construction company," Av. Miguel Hidalgo y Costilla 3157, 44248 Guadalajara, Jal.",33 3122 7747,+523331227747,True,https://wa.me/523331227747,open,,,False,None,None,constructora,Guadalajara Mexico,2026-06-11,https://www.google.com/maps/place/Constructora+Tlajomulco/data=!4m7!3m6!1s0x8428ae7225555555:0x8a8cc0817734d316!8m2!3d20.6761931!4d-103.3950529!16s%2Fg%2F1td5rlj_!19sChIJVVVVJXKuKIQRFtM0d4HAjIo
6,No website | No reviews,Seguros Monterrey New York Life & Advisory,Life insurance agency," Av. P.º de la Reforma 342, Juárez, Cuauhtémoc, 06600 Ciudad de México, CDMX",55 5326 9000,+525553269000,True,https://wa.me/525553269000,open,,,False,None,None,agencia de seguros,Monterrey Mexico,2026-06-11,https://www.google.com/maps/place/Seguros+Monterrey+New+York+Life+%26+Advisory/data=!4m7!3m6!1s0x85cdfef6c5555555:0x602a0e2317477eee!8m2!3d19.4262281!4d-99.1674903!16s%2Fg%2F1tj21wpk!19sChIJVVVVxfb-zYUR7n5HFyMOKmA
6,No website | No reviews,Seguros&inversiones.Mluengo,Insurance broker," Monterrey 78, La Roma, Cuauhtémoc, 06600 Ciudad de México, CDMX",55 2853 5757,+525528535757,True,https://wa.me/525528535757,open,,,False,None,None,agencia de seguros,Monterrey Mexico,2026-06-11,https://www.google.com/maps/place/Seguros%26inversiones.Mluengo/data=!4m7!3m6!1s0x85d1ff242ceef5a5:0xfa345e3d6f53b71e!8m2!3d19.4195187!4d-99.164557!16s%2Fg%2F11gyb0r_jh!19sChIJpfXuLCT_0YURHrdTbz1eNPo
6,No website | No reviews,SEGUROS & FIANZAS,Insurance agency," Monterrey 78, Roma Nte., Cuauhtémoc, 06700 Ciudad de México, CDMX",55 5506 2245,+525555062245,True,https://wa.me/525555062245,open,,,False,None,None,agencia de seguros,Monterrey Mexico,2026-06-11,https://www.google.com/maps/place/SEGUROS+%26+FIANZAS/data=!4m7!3m6!1s0x85d1ff39d174b36b:0x8442bb52d34b1a8c!8m2!3d19.4195187!4d-99.164557!16s%2Fg%2F11jcmlbf0n!19sChIJa7N00Tn_0YURjBpL01K7QoQ
6,No website | No reviews,Asesor Patrimonial de Seguros Monterrey,Life insurance agency," Av. P.º de la Reforma 342, Juárez, Cuauhtémoc, 06600 Ciudad de México, CDMX",55 6287 4899,+525562874899,True,https://wa.me/525562874899,open,,,False,None,None,agencia de seguros,Monterrey Mexico,2026-06-11,https://www.google.com/maps/place/Asesor+Patrimonial+de+Seguros+Monterrey/data=!4m7!3m6!1s0x85d1ff7cd01e78af:0xd7cfa60764a0b72d!8m2!3d19.4257786!4d-99.1674533!16s%2Fg%2F11x04cfbyh!19sChIJr3ge0Hz_0YURLbegZAemz9c
6,No website | No reviews,Yetcargo,Trucking company," Av Chapultepec 540, Roma Nte., Cuauhtémoc, 06700 Ciudad de México, CDMX",55 4606 2278,+525546062278,True,https://wa.me/525546062278,open,,,False,None,None,empresa de transporte de carga,Ciudad de Mexico,2026-06-11,https://www.google.com/maps/place/Yetcargo/data=!4m7!3m6!1s0x85d1ff250da86c09:0x9babf0ed63549902!8m2!3d19.4207015!4d-99.1748971!16s%2Fg%2F11c2qr_txx!19sChIJCWyoDSX_0YURAplUY-3wq5s
6,No website | No reviews,Transporte Refrigerado FROST,Trucking company," Av. Nuevo León 180, Hipódromo, Cuauhtémoc, 06100 Ciudad de México, CDMX",56 2008 0889,+525620080889,True,https://wa.me/525620080889,open,,,False,None,None,empresa de transporte de carga,Ciudad de Mexico,2026-06-11,https://www.google.com/maps/place/Transporte+Refrigerado+FROST/data=!4m7!3m6!1s0x85d1ff59350b47c1:0x5709bc0cd05f5eb5!8m2!3d19.4070195!4d-99.1717766!16s%2Fg%2F11l5kgb41w!19sChIJwUcLNVn_0YURtV5f0Ay8CVc
6,No website | No reviews,Transporte de Carga en México,Wholesaler," Chopo 589, Arenal, Azcapotzalco, 02980 Atzcapotzalco, CDMX",56 1088 1025,+525610881025,True,https://wa.me/525610881025,open,,,False,None,None,empresa de transporte de carga,Ciudad de Mexico,2026-06-11,https://www.google.com/maps/place/Transporte+de+Carga+en+M%C3%A9xico/data=!4m7!3m6!1s0x85d1f8e4a40e67a7:0xb021c133e8dc1649!8m2!3d19.4667917!4d-99.1515736!16s%2Fg%2F11f4pvjfcy!19sChIJp2cOpOT40YURSRbc6DPBIbA
6,No website | No reviews,TRANSPORTES MEMPHIS,Trucking company," Calle Nte. 67 4789-12, Obrero Popular, Azcapotzalco, 02840 Ciudad de México, CDMX",55 3523 6880,+525535236880,True,https://wa.me/525535236880,open,,,False,None,None,empresa de transporte de carga,Ciudad de Mexico,2026-06-11,https://www.google.com/maps/place/TRANSPORTES+MEMPHIS/data=!4m7!3m6!1s0x85d1f89186644eef:0x14987406402bbdaf!8m2!3d19.464417!4d-99.1736539!16s%2Fg%2F1264gkklw!19sChIJ705khpH40YURr70rQAZ0mBQ
6,No website | No reviews,Ruiz Freight and Transport,Shipping company," Lago Trasimeno 208, Los Manzanos, Miguel Hidalgo, 11460 Ciudad de México, CDMX",55 4160 1500,+525541601500,True,https://wa.me/525541601500,open,,,False,None,None,empresa de transporte de carga,Ciudad de Mexico,2026-06-11,https://www.google.com/maps/place/Ruiz+Freight+and+Transport/data=!4m7!3m6!1s0x85d1f8a4134356e7:0xa90c6c544a57449c!8m2!3d19.4475723!4d-99.1830456!16s%2Fg%2F1td2h7kf!19sChIJ51ZDE6T40YURnERXSlRsDKk
6,No website | No reviews,Transportes Fraylescanos S.A. de C.V.,Trucking company," Estaño 33, Maza, Cuauhtémoc, 06270 Ciudad de México, CDMX",55 5526 2220,+525555262220,True,https://wa.me/525555262220,open,,,False,None,None,empresa de transporte de carga,Ciudad de Mexico,2026-06-11,https://www.google.com/maps/place/Transportes+Fraylescanos+S.A.+de+C.V./data=!4m7!3m6!1s0x85d1f93e45bce88b:0x625910a88e22d3ae!8m2!3d19.4552949!4d-99.1270372!16s%2Fg%2F1td05d8t!19sChIJi-i8RT750YURrtMijqgQWWI
6,No website | 62 reviews,ABOGADO & ASOCIADOS DESPACHO JURIDICO PODER LEGAL,Criminal justice attorney," Av. 8 de Julio 69, Zona Centro, 44100 Guadalajara, Jal.",33 1637 2931,+523316372931,True,https://wa.me/523316372931,open,5 months ago,,False,None,62,despacho juridico,Guadalajara Mexico,2026-06-11,https://www.google.com/maps/place/ABOGADO+%26+ASOCIADOS+DESPACHO+JURIDICO+PODER+LEGAL/data=!4m7!3m6!1s0x8428b125d96283a3:0x22b1b8684c78f56!8m2!3d20.6754317!4d-103.3523021!16s%2Fg%2F11w7nlnfft!19sChIJo4Ni2SWxKIQRVo_HhIYbKwI
6,No website | No reviews,Despacho Jurídico Ornelas y Asociados,Lawyer," José Maria Vigil, Italia 2370, Providencia, 44648 Guadalajara, Jal.",33 2254 6929,+523322546929,True,https://wa.me/523322546929,open,,,False,None,None,despacho juridico,Guadalajara Mexico,2026-06-11,https://www.google.com/maps/place/Despacho+Jur%C3%ADdico+Ornelas+y+Asociados/data=!4m7!3m6!1s0x8428af7238e9b02f:0xd052ab4fe1454255!8m2!3d20.6899962!4d-103.3765431!16s%2Fg%2F11q8y2vpdh!19sChIJL7DpOHKvKIQRVUJF4U-rUtA
6,No website | No reviews,Bufete Jurídico Ovalles & Asociados,Lawyer," C. Andorra 2466, Santa Elena Estadio, 44230 Guadalajara, Jal.",33 3107 8154,+523331078154,True,https://wa.me/523331078154,open,,,False,None,None,despacho juridico,Guadalajara Mexico,2026-06-11,https://www.google.com/maps/place/Bufete+Jur%C3%ADdico+Ovalles+%26+Asociados/data=!4m7!3m6!1s0x8428b1b1d33065d5:0x86f20904643c62ba!8m2!3d20.7103474!4d-103.3362786!16s%2Fg%2F11zb75_lzr!19sChIJ1WUw07GxKIQRumI8ZAQJ8oY
6,No website | No reviews,Jurídico Ruiz,General practice attorney," C. Manuel Gutiérrez Nájera 1218, Miraflores, 44270 Guadalajara, Jal.",33 1447 4428,+523314474428,True,https://wa.me/523314474428,open,,,False,None,None,despacho juridico,Guadalajara Mexico,2026-06-11,https://www.google.com/maps/place/Jur%C3%ADdico+Ruiz/data=!4m7!3m6!1s0x8428b11507fb1217:0x66718055d8d581f2!8m2!3d20.6954366!4d-103.3443183!16s%2Fg%2F11q1p0x1lb!19sChIJFxL7BxWxKIQR8oHV2FWAcWY
6,No website | No reviews,Despacho Velasco y Asociados,Lawyer," Interior 1303, Av. 16 de Septiembre 730-piso 13, Mexicaltzingo, 44180 Guadalajara, Jal.",33 1520 6141,+523315206141,True,https://wa.me/523315206141,open,,,False,None,None,despacho juridico,Guadalajara Mexico,2026-06-11,https://www.google.com/maps/place/Despacho+Velasco+y+Asociados/data=!4m7!3m6!1s0x8428b300018b9715:0xa571165e5c1e5b35!8m2!3d20.6647619!4d-103.3492305!16s%2Fg%2F11ysw_yl37!19sChIJFZeLAQCzKIQRNVseXF4WcaU
6,No website | No reviews,Corporativo Jurídico Magallón y Asociados,General practice attorney," C. Chihuahua 1092, La Guadalupana, 44260 Guadalajara, Jal.",33 3114 4864,+523331144864,True,https://wa.me/523331144864,open,,,False,None,None,despacho juridico,Guadalajara Mexico,2026-06-11,https://www.google.com/maps/place/Corporativo+Jur%C3%ADdico+Magall%C3%B3n+y+Asociados/data=!4m7!3m6!1s0x8428b1f2b91438db:0x92a8a8056a8886a5!8m2!3d20.7024579!4d-103.3499839!16s%2Fg%2F11fggcwsyy!19sChIJ2zgUufKxKIQRpYaIagWoqJI
6,No website | No reviews,Notaría Pública No. 51,Legal services," Av. 3 Poniente 2504, San Matías, 72090 Heroica Puebla de Zaragoza, Pue.",222 231 0388,+522222310388,True,https://wa.me/522222310388,open,,,False,None,None,notaria publica,Puebla Mexico,2026-06-11,https://www.google.com/maps/place/Notar%C3%ADa+P%C3%BAblica+No.+51/data=!4m7!3m6!1s0x85cfc12a726f0261:0xf1cad7fb9780f19d!8m2!3d19.0531706!4d-98.2174103!16s%2Fg%2F1tfhgrj4!19sChIJYQJvcirBz4URnfGAl_vXyvE
6,No website | No reviews,Notary Public 6,Legal services," C. Oriental 6, La Paz, 72160 Heroica Puebla de Zaragoza, Pue.",222 296 6014,+522222966014,True,https://wa.me/522222966014,open,,,False,None,None,notaria publica,Puebla Mexico,2026-06-11,https://www.google.com/maps/place/Notary+Public+6/data=!4m7!3m6!1s0x85cfc6d646ff1ecd:0xd7128eea8d17214c!8m2!3d19.0564673!4d-98.2311451!16s%2Fg%2F1ptysh9rj!19sChIJzR7_RtbGz4URTCEXjeqOEtc
6,No website | No reviews,Notaria Pública No. 7,Notary public," C. 16 de Septiembre 1509, El Carmen, 72530 Heroica Puebla de Zaragoza, Pue.",222 237 9715,+522222379715,True,https://wa.me/522222379715,open,,,False,None,None,notaria publica,Puebla Mexico,2026-06-11,https://www.google.com/maps/place/Notaria+P%C3%BAblica+No.+7/data=!4m7!3m6!1s0x85cfc0c2f4338e9f:0xa6d2daad84052013!8m2!3d19.0385021!4d-98.2021735!16s%2Fg%2F11bbrjb8w6!19sChIJn44z9MLAz4UREyAFhK3a0qY
6,No website | No reviews,Public Notary 49,Legal services," C. 11 Sur 5103, Prados Agua Azul, 72430 Heroica Puebla de Zaragoza, Pue.",222 240 9337,+522222409337,True,https://wa.me/522222409337,open,,,False,None,None,notaria publica,Puebla Mexico,2026-06-11,https://www.google.com/maps/place/Public+Notary+49/data=!4m7!3m6!1s0x85cfc0b504c2b6f9:0x842cc4506261fef9!8m2!3d19.0262764!4d-98.2191788!16s%2Fg%2F1ptwhfp01!19sChIJ-bbCBLXAz4UR-f5hYlDELIQ
6,No website | No reviews,Notaria Publica No. 9,Notary public," C. 16 de Septiembre 2706, El Carmen, 72530 Heroica Puebla de Zaragoza, Pue.",222 243 0941,+522222430941,True,https://wa.me/522222430941,open,,,False,None,None,notaria publica,Puebla Mexico,2026-06-11,https://www.google.com/maps/place/Notaria+Publica+No.+9/data=!4m7!3m6!1s0x85cfc0c4075c8b6f:0xf3d0ee9e1147eb45!8m2!3d19.0340153!4d-98.2045622!16s%2Fg%2F1tgcs6nd!19sChIJb4tcB8TAz4URRetHEZ7u0PM
